Gene,ProteinRef,PBS.1,PBS.2,PBS.3,PBS.4,Pam2.1,Pam2.2,Pam2.3,Pam2.4,ODN.1,ODN.2,ODN.3,ODN.4,PO.1,PO.2,PO.3,PO.4
ACC_pS79-R-V,ACC_pS79.R.V_GBL9018122,-0.719771744,-0.864283528,-0.625059057,-0.851603237,0.31383813,0.002821249,0.071640351,0.05444809,-0.398266323,-0.31762249,-0.077540623,-0.166795859,-0.304183002,-0.308212379,-0.247415127,-0.330081473
ACC1-R-C,ACC1.R.C_GBL9018123,-0.08381695,-0.093384233,0.040331946,-0.092958888,-0.018235358,0.146243949,-0.101522957,-0.028238308,0.011362643,0.111469757,0.060893039,-0.226187775,0.028964925,-0.121067708,-0.047581031,0.13928034
AIB1-M-V,AIB1.M.V_GBL9018259,0.54189467,0.583693232,0.470053917,0.498886236,0.445796416,0.569007692,0.521783402,0.534634779,0.499106906,0.502635185,0.533979134,0.440699307,0.353276105,0.505665908,0.473161758,0.452291394
Akt_pS473-R-V,Akt_pS473.R.V_GBL9018125,1.239387438,1.173628245,1.174365479,1.138176966,0.924740558,0.731751149,0.701587221,0.692975788,1.294575519,1.155368147,1.414650498,1.399506522,1.034389026,0.972136122,1.155828729,1.063714959
Akt_pT308-R-V,Akt_pT308.R.V_GBL9018127,0.181282738,0.084480441,0.080663879,0.013561126,-0.184759589,-0.288213155,-0.3069869,-0.367695241,0.386360023,0.277875915,0.551806398,0.436381914,-0.121038728,-0.11906711,0.008116748,-0.008223279
Akt-R-V,Akt.R.V_GBL9018124,-0.323148847,-0.319892824,-0.233241371,-0.334598298,-0.211158223,-0.198690722,-0.144837381,-0.177300734,-0.552948623,-0.564071088,-0.419622773,-0.416041269,-0.214732107,-0.213345653,-0.161381353,-0.246232213
alpha-Catenin-M-V,alpha.Catenin.M.V_GBL9018265,-0.024038334,0.114936995,-0.004703862,0.042076021,-0.223714186,-0.162520145,-0.052484191,-0.054445925,0.047884347,0.103094697,0.054908709,-0.042125408,0.004703862,0.009242733,0.051458642,0.015467157
AMPK_alpha-R-C,AMPK_alpha.R.C_GBL9020032,-0.526308463,-0.472478956,-0.278895135,-0.400386402,-0.325309806,-0.444679596,-0.34901033,-0.333126832,-0.115549383,-0.095818806,-0.410973644,-0.26148565,-0.273518383,-0.194896866,-0.306323991,-0.16283005
AMPK_pT172-R-V,AMPK_pT172.R.V_GBL9018129,0.115193965,0.027810421,0.194730343,-0.049946252,0.438816091,0.380385436,0.302814326,0.417952345,0.647357291,0.5362023,0.718232934,0.455058997,0.374488065,0.3423727,0.393049313,0.419868285
Annexin_I-R-V,Annexin_I.R.V_GBL9018212,2.077916629,2.185073235,2.104439444,2.076039631,2.104747028,2.307530189,2.286104651,2.25841314,2.38118133,2.130200183,2.184647993,2.157485217,2.298181196,2.275160581,2.370178315,2.377595592
AR-R-V,AR.R.V_GBL9019739,-0.301577522,-0.169619074,-0.242199432,-0.06902303,-0.170076287,-0.183242644,-0.212494141,-0.113600408,0.127890032,0.113707383,-0.062722622,-0.191366903,-0.066246328,0.053079883,-0.013586651,-0.262925669
Bad_pS112-R-V,Bad_pS112.R.V_GBL9018342,0.045296886,0.134212068,0.034678624,-0.051320875,0.486178099,0.449431573,0.519854193,0.450450898,0.070028633,0.094624848,0.011100716,0.046379538,0.303646539,0.022439488,0.328034138,0.027397798
Bak-R-C,Bak.R.C_GBL9018131,-0.002229729,-0.017170748,-0.004374965,-0.011351039,-0.092354459,-0.059532757,0.039951139,0.067804978,0.002229729,-0.058898009,0.037390099,-0.006752033,0.128196643,0.152475043,0.166255058,0.183168824
Bax-R-V,Bax.R.V_GBL9018277,-0.011575895,-0.154462718,-0.026915085,-0.135362485,0.369260724,0.234975524,0.637043286,0.120509748,-0.280386486,-0.237965664,-0.152226397,-0.029431569,0.2995417,0.045108744,0.074102724,-0.094786735
Bcl-2-M-V,Bcl.2.M.V_GBL9019748,-0.143573111,-0.125626286,-0.190235162,0.155357535,-0.111076528,0.079578217,-0.36112751,-0.320488799,-0.13403521,0.051794515,-0.130158791,-0.078149069,-0.23702278,-0.131030744,-0.222436355,-0.166145694
Bcl-X-R-C,Bcl.X.R.C_GBL9019708,0.588679927,-0.029699899,0.305567002,0.01328289,0.523029607,0.178702746,0.39243181,0.235973395,-0.194636865,-0.178922879,-0.285215606,0.197601119,0.227155456,0.002828304,0.056402965,0.075297933
Bcl-xL-R-V,Bcl.xL.R.V_GBL9018370,0.050975982,-0.049635588,-0.172699551,-0.188998433,0.226783874,0.048072375,0.150814133,0.048778055,-0.172177905,-0.351711071,-0.232821674,-0.131297939,-0.097545611,-0.142384705,-0.055356878,-0.038232727
Beclin-G-V,Beclin.G.V_GBL9019729,-0.450714755,-0.408387984,-0.480407397,-0.357027727,-0.469478532,-0.429417044,-0.397520573,-0.458378636,-0.297305585,-0.32427363,-0.432019194,-0.421925118,-0.483723803,-0.467417645,-0.470185464,-0.484454602
beta-Catenin-R-V,beta.Catenin.R.V_GBL9018133,-0.372445843,-0.381282683,-0.418774705,-0.745447914,-0.4205837,-0.646518075,-0.612917693,-0.700772601,-1.305735483,-1.22159878,-0.767594689,-0.570444894,-0.394963312,-0.515008334,-0.439627535,-0.627802339
Bid-R-C,Bid.R.C_GBL9018371,0.046196993,-0.089719071,0.019840662,-0.053494105,0.099085069,-0.019130074,0.018689972,-0.031379738,-0.078433821,-0.25356428,-0.128906354,0.035930614,0.034038394,0.034191521,0.041428296,0.013731795
Bim-R-V,Bim.R.V_GBL9018137,0.002671823,0.021235879,-0.000543026,0.025064498,-0.104547109,-0.178341784,-0.122237729,-0.094385425,-0.044342173,-0.014383582,0.000543026,-0.036831065,0.020339212,-0.064572587,0.006029303,0.010770916
c-Jun_pS73-R-C,c.Jun_pS73.R.C_GBL9019732,-0.288217875,-0.1923762,-0.303518083,-0.231811306,0.128974838,0.240973142,0.189073219,0.386126605,-0.177480436,-0.20391432,-0.211046597,-0.290021048,0.391319091,0.448449631,0.508214567,0.480332241
c-Kit-R-V,c.Kit.R.V_GBL9019694,-0.082776793,-0.057453789,-0.134871116,-0.126895679,-0.004600821,-0.01778375,0.009411701,1.86223E-06,-0.015056533,0.010746041,-0.116014015,-0.063773007,-0.121949226,-0.053676346,-0.012327748,-0.06354724
c-Met_pY1235-R-C,c.Met_pY1235.R.C_GBL9019713,0.213940097,0.183817429,0.204946035,0.208653146,0.072915054,-0.003463274,0.00058192,0.035926303,0.542552433,0.450227652,0.473850598,0.452376281,0.209245496,0.236834481,0.264100917,0.238380454
c-Met-M-C,c.Met.M.C_GBL9019696,0.032517423,0.042147358,-0.010187776,-0.043230574,-0.023882864,-0.026921723,0.061342728,0.064678981,-0.06735813,-0.082783549,-0.051342959,-0.131054273,0.156144522,-0.042849455,0.010274833,-0.06276923
c-Myc-R-C,c.Myc.R.C_GBL9018146,0.054694057,0.110669816,0.1536099,0.171143112,0.321981709,0.511057172,0.518358073,0.531673247,0.413329447,0.329106138,0.442530216,0.33241625,0.448086721,0.319871723,0.395305175,0.423074182
C-Raf_pS338-R-C,C.Raf_pS338.R.C_GBL9018148,0.060515875,0.077466447,-0.017032537,0.03105352,0.047613929,0.048376251,0.008729342,0.065282347,0.701109755,0.4638838,0.243552902,0.174485927,0.015010497,0.050347445,0.111053091,-0.00950441
C-Raf-R-V,C.Raf.R.V_GBL9020047,0.000944253,-0.287818148,-0.045335838,-0.086867961,-0.089271806,-0.166924567,-0.130451035,-0.231064264,0.4251811,0.148593554,0.091067096,-0.058183325,-0.054776275,0.154567123,-0.019822473,0.094856838
Caspase-3_active-R-C,Caspase.3_active.R.C_GBL9018292,-0.113463758,0.013026113,-0.057135829,-0.003531503,-0.02900944,0.05142049,0.038473512,0.078551367,-0.035333517,-0.058695208,-0.089757081,-0.012901243,0.003531503,0.134075324,0.065871266,0.163099449
Caspase-7_cleavedD198-R-C,Caspase.7_cleavedD198.R.C_GBL9018140,-0.364180938,-0.543132039,-0.465222207,-0.448054487,-0.352121307,-0.346727362,-0.301034766,-0.393324321,-0.814396532,-0.726702635,-0.52688853,-0.353094657,-0.366936769,-0.481067967,-0.396100951,-0.553895006
Caspase-9_cleavedD330-R-C,Caspase.9_cleavedD330.R.C_GBL9018291,0.450406629,0.245364421,0.307170331,0.409192419,0.495303726,0.328281103,0.345574715,0.215135752,-0.045136202,-0.113007517,0.012588374,0.155018899,0.164528552,-0.012588374,0.027606095,-0.040261958
Caveolin-1-R-V,Caveolin.1.R.V_GBL9019720,0.077922882,0.303713722,-0.095709841,0.094247477,-0.051894621,-0.102100019,-0.150722154,-0.110050745,-0.773303939,0.081500674,0.389509122,-0.03056281,-0.048009559,0.171279634,0.166488571,0.159312199
CD31-M-V,CD31.M.V_GBL9019726,-0.320414504,-0.370200525,-0.425947891,-0.247282685,-0.469295088,-0.359928476,-0.229790259,-0.270285156,-0.171212199,-0.243644024,-0.283957944,-0.510608965,-0.438050951,-0.446675175,-0.412796854,-0.538396453
CDK1-R-V,CDK1.R.V_GBL9018345,-0.043732709,-0.04326485,-0.078562356,-0.000409092,0.081583852,-0.051979757,0.147599582,0.060932051,0.011574386,0.000409092,0.008279132,0.00692686,-0.010462359,-0.011219493,-0.045247332,0.021508244
Chk1_pS345-R-C,Chk1_pS345.R.C_GBL9019718,-0.056718698,-0.116574002,0.026059882,0.035802914,0.002898726,-0.073308995,-0.096210383,-0.039669565,0.062299499,-0.008145893,0.000865295,-0.109206375,-0.098919639,-0.149250029,-0.150332077,-0.239143529
Chk1-R-C,Chk1.R.C_GBL9019709,-0.418781618,-0.430887607,-0.46804628,-0.480227684,-0.377389168,-0.460543198,-0.423323818,-0.468983022,-0.48442847,-0.440538722,-0.485873843,-0.51734699,-0.494289221,-0.559221282,-0.481597739,-0.576744728
Chk2_pT68-R-C,Chk2_pT68.R.C_GBL9019703,0.531590607,0.475752598,0.433282161,0.306161638,0.271811118,0.155938484,0.248449483,0.211986531,0.530442352,0.357994624,0.411257598,0.234882645,0.277970562,0.156606297,0.202765504,0.129589981
Chk2-M-C,Chk2.M.C_GBL9018246,-0.011141268,0.004099716,0.006930564,0.055960136,-0.087343143,-0.016312461,-0.040246042,0.013657466,-0.131040603,-0.101699806,-0.004099716,0.038917254,0.066286633,0.074118256,0.08913158,0.082133085
Chk2 pT68-R-Cg,Chk2.pT68.R.Cg_GBL9018320,0.788169828,0.85835962,0.903478089,0.879811378,0.863433279,0.82830537,0.842784102,0.878077666,0.666770534,0.639900429,0.886775734,0.965873174,0.956039968,0.884456977,0.956720621,0.793035019
cIAP-R-V,cIAP.R.V_GBL9018228,0.686780092,0.713396637,0.578929073,0.622585164,0.562019072,0.548158833,0.675119085,0.659273153,0.767030003,0.633546549,0.581102393,0.614302131,0.647700602,0.647946265,0.673933578,0.609346477
Claudin-7-R-V,Claudin.7.R.V_GBL9019701,-1.175804803,-1.347390878,-0.993137085,-1.354632629,-1.247157768,-1.034197133,-1.0422488,-1.011283634,-1.155784011,-1.166305609,-1.250009706,-1.338953717,-1.285112459,-1.317704559,-0.889174644,-1.356855491
Collagen_VI-R-V,Collagen_VI.R.V_GBL9019723,1.612899743,1.726791617,1.515536228,1.555549634,1.62523941,1.495117521,1.412023326,-0.005357417,-0.222822233,0.004660311,0.043979561,0.118116295,-0.01904781,0.121280618,0.115311653,0.08384326
COX-2-R-C,COX.2.R.C_GBL9019738,0.369168485,0.580465069,0.426227847,0.41029546,0.619455343,0.608019046,0.54614105,0.636098178,0.615454239,0.516745833,0.824163348,0.437718118,0.735540825,0.497469153,0.44889359,0.590811765
Cyclin_B1-R-V,Cyclin_B1.R.V_GBL9018149,4.107801303,4.178259661,4.134849192,4.146860835,4.401132868,4.39028035,4.335372204,4.402896811,4.331848916,4.179489146,4.366724578,4.125924771,4.269924957,4.165540504,4.253703365,4.232438735
Cyclin_D1-R-V,Cyclin_D1.R.V_GBL9018150,0.53734505,0.50345879,0.775851518,0.494915917,0.816647465,0.761074998,0.724094017,0.667129682,-0.003267723,-0.025213837,0.242508133,0.63151798,0.697762852,0.51895789,0.596664811,0.635779089
Cyclin_E1-M-V,Cyclin_E1.M.V_GBL9019727,0.023712799,0.03696871,-0.06650153,0.053861024,-0.088900735,-0.136065562,-0.137304344,-0.130668905,0.052097019,0.08946702,0.053782563,0.018341682,-0.043881286,0.018608833,-0.024589724,-0.018341682
DJ-1-R-C,DJ.1.R.C_GBL9018377,0.349192198,0.363016185,0.303668536,0.217396231,0.251808459,0.20982295,0.40366659,0.303253323,0.464721572,0.344856469,0.386456021,0.264724354,0.349656384,0.307737419,0.393239807,0.319051047
DNA-PK-R-Cg,DNA.PK.R.Cg_GBL9020054,-0.073195008,-0.107545397,0.141684326,0.299124785,0.075670861,-0.019449245,0.080413609,0.066672926,0.697545554,0.418473675,0.465376198,-0.072853611,0.283404127,0.146263432,0.328472231,0.296830323
DNA-PKcs pS2056-R-Cg,DNA.PKcs.pS2056.R.Cg_GBL9018341,-0.006696808,0.210954986,0.21465419,0.081191335,-0.03088165,0.037338224,0.034215281,0.119661841,-0.022046024,-0.030201305,0.010034329,-0.040295789,0.006696808,-0.087262227,-0.047885409,-0.109627895
DNA PKcs pT2609-R-Cg,DNA.PKcs.pT2609.R.Cg_GBL9018323,0.084818189,-0.025395734,0.16075547,-0.001375326,0.195294321,0.113382448,0.160374091,0.170263794,-0.232699087,-0.338535705,-0.029482949,0.116701544,0.190237848,0.079454599,0.07148936,0.086949648
DNA-PKcs Y393-R-Cg,DNA.PKcs.Y393.R.Cg_GBL9018326,0.313932407,0.208523595,0.133681887,0.053938109,0.409319178,0.433886987,0.51572164,0.41052773,-0.112336625,-0.17730934,0.214153458,0.25769374,0.49560158,0.233366733,0.374752443,0.34622963
Dvl3-R-V,Dvl3.R.V_GBL9018290,0.041158853,-0.043400368,0.003589776,0.111875551,0.1363531,-0.003589776,-0.067522209,0.052934727,-0.17754192,-0.177861883,0.018712528,0.033582653,0.057921653,0.066382807,0.058573195,0.04919298
E-Cadherin-R-V,E.Cadherin.R.V_GBL9018151,-0.09057538,0.012105807,0.058853986,-0.007479775,0.044802422,-0.031151032,0.062858471,-0.063794421,-0.186191582,-0.177753674,-0.134858823,0.007479775,0.014221951,0.030368069,0.023994084,-0.02867863
eEF2-R-V,eEF2.R.V_GBL9018235,0.901983613,0.712490642,0.842156203,0.575249587,1.002922308,0.841028472,1.171565368,0.934819665,-0.522922265,-0.520656137,0.51440067,0.70226454,0.897156598,0.686548966,0.814631926,0.881425346
eEF2K-R-V,eEF2K.R.V_GBL9018236,2.392072209,2.284225383,2.3114552,2.306912988,2.375817261,2.270658182,2.220655119,2.268960716,2.233380085,2.169688412,2.294795725,2.322852225,2.325436196,2.21382301,2.201125578,2.242391708
EGFR_pY1068-R-V,EGFR_pY1068.R.V_GBL9019733,-0.02300705,0.002167372,-0.065593514,0.004654344,0.115447481,0.326134151,0.192963743,0.299845715,0.551132575,0.517220254,0.478637229,0.385644961,-0.000813996,0.181987226,0.417661641,0.205117934
EGFR_pY1173-R-C,EGFR_pY1173.R.C_GBL9018154,-0.033277686,0.011544966,-0.069026895,-0.011495302,0.011981783,-0.068686976,-0.051522782,-0.043534408,0.004811203,0.094542485,0.004811203,0.045868563,0.05160475,0.064047578,0.062493456,0.040027025
EGFR_pY992-R-V,EGFR_pY992.R.V_GBL9019704,-0.31485722,-0.248531189,-0.236415014,-0.12303594,0.117941226,-0.111800206,-0.107736098,-0.187622488,-0.080706847,-0.094726607,-0.223459823,-0.166291042,-0.190240292,-0.236885239,-0.163902302,-0.243410671
EGFR-R-C,EGFR.R.C_GBL9018152,1.548426019,1.369229092,1.568041191,1.430658557,1.667247506,1.596818393,1.590869676,1.651607867,1.356884618,1.376743187,1.388665526,1.480303232,1.534866665,1.345194852,1.385628154,1.436732251
eIF4E-R-V,eIF4E.R.V_GBL9018351,0.165903217,0.054484375,0.10481753,0.021768344,0.238716357,0.185185039,0.441056346,0.210086873,0.183955534,-0.155936132,-0.030716091,-0.002471214,0.095638165,0.043332927,0.181792634,0.096820564
ER-alpha_pS118-R-V,ER.alpha_pS118.R.V_GBL9020051,-0.338591035,-0.305285993,-0.396317403,-0.017768764,-0.394447598,-0.313143508,-0.290285363,-0.176926855,0.058808973,-7.18815E-05,-0.120643924,-0.299357864,-0.168046911,-0.113885153,-0.030982209,-0.149591596
ER-alpha-R-V,ER.alpha.R.V_GBL9019722,-0.158380285,-0.247515258,-0.316124192,-0.342420236,-0.38994501,-0.325603984,-0.26393404,-0.27705178,0.040764244,-0.207234121,-0.236871516,-0.281700129,-0.348933926,-0.319395792,-0.183617388,-0.380382027
ERCC1-M-C,ERCC1.M.C_GBL9019749,-0.034588397,-0.325464272,0.032922194,-0.152601903,-0.000153798,-0.171987376,-0.036806913,-0.314400909,-0.193732111,0.000153798,-0.264748986,-0.112814805,0.021753548,-0.183776391,-0.409935107,-0.340538399
FAK-R-C,FAK.R.C_GBL9020052,-0.48507375,-0.560024804,-0.529228671,-0.462968045,-0.53855368,-0.597338148,-0.633400992,-0.577961351,-0.103806122,-0.038543428,-0.282748575,-0.475899692,-0.475481787,-0.421543981,-0.403657225,-0.360978871
Fibronectin-R-C,Fibronectin.R.C_GBL9019710,1.675711383,1.590474741,1.677577708,1.663373776,1.610175966,1.595838529,1.589794766,1.635589999,1.886882327,1.682362353,1.850063721,1.719906071,1.548502588,1.202933064,1.554694538,1.220843516
FOXO3a_pS318_S321-R-C,FOXO3a_pS318_S321.R.C_GBL9019721,0.025426164,0.009456708,0.034003872,-0.018011772,0.328831556,0.113308062,0.138420368,0.089840477,-0.037666657,-0.015536051,-0.040360173,-0.013911359,0.02175608,-0.01985946,-0.082917689,-0.070843617
FOXO3a-R-C,FOXO3a.R.C_GBL9019734,-0.015500302,0.075924887,0.044126668,0.043811551,-0.030364979,-0.035698763,-0.108520995,-0.027364002,0.155670422,0.128561814,0.101905441,0.034671031,0.002739329,0.103792078,0.04792994,0.10428176
GATA3-M-V,GATA3.M.V_GBL9018302,-0.312977413,-0.166540474,-0.244923889,-0.107003379,-0.128721537,0.039841339,0.051481994,0.075245592,-0.470610069,-0.394519173,-0.043544138,0.001798353,0.049452598,-0.03854074,0.009473725,-0.033827543
GSK3_pS9-R-V,GSK3_pS9.R.V_GBL9018241,0.506465627,0.492849889,0.375259355,0.259543428,0.41185762,0.289108406,0.342114798,0.314353517,0.294294379,0.24426201,0.287038562,0.451773586,0.515604764,0.22574486,0.317407897,0.30339629
GSK3-alpha-beta_pS21_S9-R-V,GSK3.alpha.beta_pS21_S9.R.V_GBL9018162,0.126781649,0.189609212,0.095954123,0.070364438,0.149517797,0.129813076,0.08890424,0.072370804,0.092280983,-0.0201029,0.179075938,0.145212652,0.214546482,-0.072900543,0.104456407,0.083611586
GSK3-alpha-beta-M-V,GSK3.alpha.beta.M.V_GBL9018249,-0.589421933,-0.600289118,-0.365041487,-0.405116848,-0.30703669,-0.121115665,-0.249948688,-0.204207396,-0.595317902,-0.399947946,-0.303476825,-0.36238312,-0.321946424,-0.429229075,-0.319898105,-0.335650388
H2A.Xg pS139-M-Cg,H2A.Xg.pS139.M.Cg_GBL9018330,-0.029364963,-0.001181108,0.032415004,-0.037667869,0.001181108,-0.064875145,-0.023440263,-0.038005261,-0.109597184,-0.098077854,0.033728975,0.024339324,-0.022451507,-0.039095919,-0.029222291,-0.034487243
HER2_pY1248-R-NA,HER2_pY1248.R.NA_GBL9018239,0.033788709,0.002295564,-0.002295564,-0.045394374,0.121790925,0.076833422,0.094369805,0.070031695,-0.121527373,-0.053595848,-0.034124963,0.117202155,0.0239245,-0.079306717,-0.023961911,-0.010420445
HER2-M-V,HER2.M.V_GBL9018268,-0.234622249,-0.359309064,-0.117109374,-0.355866188,0.114777089,-0.120474355,0.039327339,-0.106310996,-0.988387641,-0.907584872,-0.448234925,-0.191702796,-0.098146809,-0.320609618,-0.263514216,-0.308380501
HER3_pY1298-R-C,HER3_pY1298.R.C_GBL9019737,0.117960696,0.049794457,0.183288756,0.132681287,-0.182505508,-0.134025502,-0.189814071,-0.131482537,0.323869238,0.152880313,0.194318065,0.094186097,0.130807647,0.145688082,0.126438261,0.223465256
HER3-R-V,HER3.R.V_GBL9018226,-0.370684244,-0.407524591,-0.365636295,-0.369620223,-0.339611372,-0.45321157,-0.427865078,-0.355520886,-0.456363953,-0.466548662,-0.407877988,-0.354501311,-0.315372888,-0.436770596,-0.335649212,-0.303942267
HIF-1a-M-Cg,HIF.1a.M.Cg_GBL9018364,0.015495129,-0.014726812,-0.032741506,-0.097917224,0.022220237,-0.120164588,-0.048440207,-0.117454381,-0.024798968,-0.281949975,-0.019357257,-0.019853637,-0.007302201,-0.059934179,-0.071969096,-0.068382144
Histone H2A.X pS139-R-Cg,Histone.H2A.X.pS139.R.Cg_GBL9018327,-0.450286946,-0.303238555,-0.469603846,-0.338883284,-0.338701843,-0.419138475,-0.416965224,-0.336294006,-0.255614635,-0.389434126,-0.203625503,-0.455987289,-0.366195374,-0.329314879,-0.062330068,-0.254737438
hSPARC-M-Cg,hSPARC.M.Cg_GBL9020050,-0.570245743,-0.579914933,-0.428326059,-0.511498822,-0.527975337,-0.562491959,-0.272753641,-0.4551946,-0.078963253,-0.510217827,-0.353000416,-0.356263481,-0.420549031,-0.352570217,-0.450595543,-0.183938536
hVEGF-M-Cg,hVEGF.M.Cg_GBL9020056,-0.14191906,-0.127748022,-0.138187304,-0.067410156,-0.129697918,-0.249701876,-0.212892994,-0.196511999,0.12711118,-0.02880719,0.036069966,-0.157345593,-0.094139001,-0.067672448,-0.020888651,0.00745912
IGF-1R-beta-R-C,IGF.1R.beta.R.C_GBL9018164,0.086924846,0.052386113,0.089852293,0.147335614,0.126883913,0.113545675,0.219986712,0.133614757,-0.127233234,-0.128597883,-0.009265911,0.029980524,0.202190233,0.022918758,0.124614678,0.058806836
IGFBP2-R-V,IGFBP2.R.V_GBL9018375,0.174654668,0.214672616,0.115353359,0.113853935,-0.08165761,-0.003148469,0.002518756,-0.021855032,0.19269512,0.162528899,0.249957853,0.076003193,0.044638656,0.049897449,-0.048804503,0.056523983
IkBa pS32-36-M-Cg,IkBa.pS32.36.M.Cg_GBL9018339,-0.577157963,-0.604579181,-0.561124046,-0.537545962,-0.543936318,-0.636853441,-0.579659456,-0.567079,-0.535936041,-0.476445834,-0.56100775,-0.488156041,-0.582220298,-0.549602432,-0.501877496,-0.549545619
IkBa pS32-M-Cg,IkBa.pS32.M.Cg_GBL9018335,0.003708065,-0.262955723,0.050507767,-0.24111816,0.10476319,0.164593665,0.237648476,0.2239675,-0.821958918,-0.787431918,-0.272836923,-0.003708065,0.026798857,-0.065408409,-0.122149113,-0.156337466
INPP4B-G-C,INPP4B.G.C_GBL9019730,1.0200752,1.001298062,0.961815051,1.044450811,0.971382795,0.897183029,0.910721303,0.918455946,1.08066402,1.093550037,1.075667097,1.082303137,0.944547416,1.044062494,1.02565063,0.997315969
IRS1-R-V,IRS1.R.V_GBL9018214,0.982616876,0.948671588,0.877830045,0.938356427,1.01031025,0.854672978,0.919502932,0.974069205,0.784520227,0.845003249,0.910911535,0.921827353,0.8919332,0.998557538,0.960010659,1.030200302
JNK_pT183_pT185-R-V,JNK_pT183_pT185.R.V_GBL9019741,-0.263043845,-0.259454915,-0.290048292,-0.210829731,-0.079745737,-0.031962934,0.016950287,-0.016950287,-0.136631956,-0.12566855,-0.192499261,-0.248666462,-0.152495343,-0.096538519,-0.047715204,-0.059919216
JNK2-R-C,JNK2.R.C_GBL9020035,-0.436307315,-0.11878008,-0.125044023,-0.399472727,-0.289295474,-0.308492777,-0.159662375,-0.12311675,0.023651969,0.081293438,-0.133830892,-0.073820234,-0.231169694,-0.035209782,-0.296165347,0.05655732
K-Ras-M-C,K.Ras.M.C_GBL9019700,-4.22039914,-4.005475871,-4.014087361,-4.063752221,-4.209171983,-3.93589398,-3.967525866,-4.006436568,-3.778409921,-3.894497148,-4.157588647,-4.091445087,-3.893740819,-4.143630412,-4.122538111,-4.289336879
MAPK_pT202_Y204-R-V,MAPK_pT202_Y204.R.V_GBL9019715,-0.576902059,-0.52088166,-0.55165605,-0.430699321,-0.189135556,-0.329052507,-0.418300268,-0.343969606,-0.252221363,-0.204702233,-0.277406133,-0.145786165,-0.264936624,-0.280036913,-0.27894627,-0.312051043
MEK1_pS217_S221-R-V,MEK1_pS217_S221.R.V_GBL9018168,0.036987,-0.08106884,-0.011883462,-0.096384594,0.116299725,0.047740098,0.011883462,0.05715043,-0.119260613,-0.074067923,0.046454355,0.102711101,0.038247803,-0.051168375,-0.029746429,-0.021778569
MEK1-R-V,MEK1.R.V_GBL9018167,3.817770236,3.458947652,3.762941425,3.461865663,3.772033521,3.605146708,3.598719514,3.567517225,3.341110923,3.25931678,3.396655888,3.583869675,3.665678712,3.439791839,3.409613643,3.415637789
MIG-6-M-V,MIG.6.M.V_GBL9019747,0.059172812,0.0542069,-0.039110544,-0.05291661,-0.010840489,-0.027252925,-0.049207078,0.000701135,0.140685508,0.152875027,0.023955607,-0.000701135,-0.035831767,0.014199428,-0.059806867,0.017491014
MSH2-M-C,MSH2.M.C_GBL9018262,0.018338146,0.048844122,-0.086401741,0.059238813,-0.131702087,-0.0683564,-0.081594409,-0.078558696,0.176948038,0.255676329,0.035518168,0.013560875,-0.094456642,0.050471429,0.017072031,-0.013560875
MSH6-R-C,MSH6.R.C_GBL9018237,1.161583661,1.10670318,1.297968117,1.051629819,1.392177399,1.296741513,1.323140814,1.300022691,0.897406353,0.841781071,1.010545099,1.100401271,1.265645103,1.170807452,1.245375746,1.137039858
mTOR_pS2448-R-C,mTOR_pS2448.R.C_GBL9019719,-0.355686844,-0.43554867,-0.330628774,-0.33494109,-0.354824526,-0.229029084,-0.27061722,-0.311107202,-0.22542868,-0.222784668,-0.307147521,-0.410126438,-0.314262577,-0.36309977,-0.30311012,-0.37630124
mTOR-R-V,mTOR.R.V_GBL9018169,-0.158641263,-0.173412242,-0.045311918,-0.241701001,-0.164146319,-0.014544627,0.106602399,0.018442678,-0.154200523,-0.180789687,-0.214765679,-0.238457757,0.103216251,-0.156782967,-0.246427599,-0.201721672
N-Cadherin-R-V,N.Cadherin.R.V_GBL9019702,0.087372236,-0.015724298,-0.009626398,0.007211685,0.116333441,0.112344531,0.129833543,0.126288554,-0.495389064,-0.384728849,-0.037399362,0.038363248,-0.007211685,0.094681641,-0.0232667,-0.01913539
NF-kB-p65_pS536-R-C,NF.kB.p65_pS536.R.C_GBL9018172,-0.173068946,-0.228532677,-0.190774731,-0.14758752,0.235613731,0.091222984,0.085546757,0.118720205,-0.201038656,-0.178228204,-0.105988092,-0.015029935,0.197290457,0.191012735,0.26448475,0.17429434
NF2-R-C,NF2.R.C_GBL9018233,0.925909663,0.933626163,0.871639629,0.851530573,0.86024371,0.746662068,0.73093273,0.84079357,0.256514481,0.498757713,0.857478997,0.878274185,0.817800148,0.882569809,0.877597388,0.888948622
Notch1-R-V,Notch1.R.V_GBL9018238,1.654055208,1.678096542,1.609196583,1.683996982,1.670144531,1.531617723,1.654213156,1.549943572,1.771089216,1.567140703,1.72368565,1.66913595,1.773535966,1.644062425,1.769584726,1.715196772
Notch3-R-C,Notch3.R.C_GBL9018207,-0.003419257,0.015861218,-0.032427049,0.022288463,-0.113896291,-0.051416528,-0.057782998,-0.003276818,0.038356016,-0.003895055,0.051352096,0.016246505,0.025617808,0.132017999,0.155799685,0.151979846
P-Cadherin-R-C,P.Cadherin.R.C_GBL9018180,1.956632604,1.995227573,1.832613568,1.834868076,1.829416132,1.886073892,1.907788026,1.895428829,2.146638171,1.949474026,1.980260901,1.833710884,1.940614476,1.871246338,1.906512584,1.952839251
p21-R-NA,p21.R.NA_GBL9019692,0.460057197,0.156976035,0.189414172,0.052680587,0.313902632,0.592446347,0.608278258,0.523081905,0.818399217,0.757410958,0.216010338,0.475485867,0.380874004,0.67478031,0.609440506,0.331165012
p27_pT157-R-C,p27_pT157.R.C_GBL9018354,0.062828547,0.010308516,0.028416212,-0.023471786,0.129021189,-0.121325841,0.036198764,-0.003910213,-0.059641013,-0.138774479,-0.059284248,0.090578283,0.141378885,-0.14317253,0.003910213,-0.051321977
p27_pT198-R-V,p27_pT198.R.V_GBL9019740,-0.058323364,-0.042156626,-0.155852003,-0.036015752,-0.162215871,-0.118909127,-0.182097504,-0.089562808,0.115350735,0.043896718,-0.035621557,-0.086229571,-0.165291844,0.048504525,0.014664433,-0.060539526
p27-R-V,p27.R.V_GBL9018223,-0.132047083,-0.121764603,-0.194562911,-0.056471347,-0.117791755,-0.145727062,-0.149879314,-0.060626337,-0.083242815,-0.014945773,-0.108021563,-0.068439816,-0.08515048,-0.054961885,-0.106911759,-0.036974842
p38_MAPK-R-C,p38_MAPK.R.C_GBL9018174,0.011119555,-0.044015218,-0.015025311,-0.019498133,0.382710474,0.368512317,0.494170818,0.345611108,-0.068434568,-0.047121386,-0.010206515,0.089609946,0.313334484,0.06064411,0.144004432,0.107561369
p38_pT180_Y182-R-V,p38_pT180_Y182.R.V_GBL9018175,-0.412132053,-0.389046286,-0.419089345,-0.330135612,-0.033987825,0.017486692,-0.038457574,-0.001054291,-0.373859615,-0.199459324,-0.239879823,-0.23545558,-0.231151795,-0.223599361,-0.149017485,-0.146129718
p53 pS15-M-Cg,p53.pS15.M.Cg_GBL9020044,-0.347561321,-0.397285154,-0.432169501,-0.451202388,-0.379585321,-0.501083964,-0.378260987,-0.421617902,-0.019474765,0.019474765,-0.195775616,-0.236619992,-0.373481573,-0.161583734,-0.266514754,-0.212709641
p53-R-V,p53.R.V_GBL9019735,-0.144783046,-0.012648739,-0.10027809,-0.012192822,0.354462954,-0.240111666,-0.293065001,-0.209097276,0.141575871,0.012192822,-0.102398862,-0.121511446,-0.427975761,-0.107005355,-0.109329378,-0.072123257
p70S6K_pT389-R-V,p70S6K_pT389.R.V_GBL9018178,0.116267665,0.184415682,0.135747909,0.174143612,0.291389087,0.29992475,0.344058331,0.31383645,0.12306122,0.100606783,0.170565355,0.137044183,0.391000125,0.372810267,0.455859221,0.24500169
p70S6K-R-V,p70S6K.R.V_GBL9018177,0.400035935,0.542458206,0.612832613,0.476684704,0.605237636,0.497450443,0.51851516,0.49144715,0.277696774,0.360788446,0.460922603,0.591095908,0.594033424,0.495913564,0.517905562,0.349176864
p90RSK_pT359_S363-R-C,p90RSK_pT359_S363.R.C_GBL9018208,-0.001966381,0.082913988,0.055806778,0.042554636,0.001142181,0.068715891,-0.017580671,0.018934924,-0.019964151,-0.02160751,0.034946381,-0.003056164,0.018664257,-0.053499419,-0.001142181,-0.059732593
PARP_cleaved-M-C,PARP_cleaved.M.C_GBL9019743,-0.489659753,-0.461642691,0.007200221,-0.408434713,-0.486985444,-0.583237263,-0.145810482,-0.139901866,-0.288684089,-0.404432746,-0.414452013,-0.427328669,-0.498308881,-0.418297717,-0.440919068,-0.343943097
Paxillin-R-V,Paxillin.R.V_GBL9018179,0.40319171,0.438036926,0.297874768,0.303896621,0.417529504,0.311000999,0.315038076,0.306368721,0.494881517,0.271253316,0.476476653,0.15351971,0.438839829,0.319484778,0.452876975,0.340776442
PCNA-M-V,PCNA.M.V_GBL9020055,-1.775958647,-1.433668686,-1.845649555,-1.476149828,-1.548020232,-1.677372437,-1.69799141,-1.630661341,-1.450017142,-1.445496673,-1.46183447,-1.512255082,-1.600256399,-1.727786762,-1.549319777,-1.437364899
PDK1_pS241-R-V,PDK1_pS241.R.V_GBL9018181,-0.045981272,-0.018026109,-0.022482506,0.006252215,-0.097847582,-0.01952202,-0.015952596,-0.001966711,0.011647389,0.071322633,-0.039107602,-0.020955764,0.004574806,0.05335339,0.097957327,0.001966711
PI3K-p110-alpha-R-C,PI3K.p110.alpha.R.C_GBL9018216,0.022243129,0.03239803,-0.102098151,0.052492672,-0.030611972,-0.049458689,-0.126101387,-0.042321929,0.166834938,0.182673476,-0.024861132,0.006776297,-0.071727672,-0.066702116,-0.021288331,-0.025844875
PI3K-p85-R-V,PI3K.p85.R.V_GBL9018182,0.207544149,0.266397422,0.218691603,0.196442603,0.043892856,0.171882105,0.092665264,0.139889212,0.262966129,0.118397284,0.24999487,0.084235932,0.081827826,0.032996896,0.119220638,0.102300885
PKC-alpha_pS657-R-V,PKC.alpha_pS657.R.V_GBL9018183,-1.11968788,-1.255238131,-1.072903327,-1.262833869,-1.356203957,-1.224038349,-1.27385433,-1.186217604,-1.279564951,-1.035986979,-1.150043239,-1.233057792,-1.103323183,-1.385427398,-1.152030253,-1.320826708
PKC-alpha-M-V,PKC.alpha.M.V_GBL9018252,-1.281409037,-1.333862925,-1.318199419,-1.185984123,-1.214947326,-1.204882825,-1.295033592,-1.181310337,-1.333965641,-1.162899101,-1.33535335,-1.190124463,-1.192952907,-1.088369955,-1.145957222,-1.154908739
PR-R-V,PR.R.V_GBL9018184,-0.146081607,0.172141167,0.010697841,0.03903594,-0.119070097,-0.116261063,-0.095932319,-0.058840163,-0.021120804,-0.003606263,-0.041013541,-0.122538519,-0.078894438,-0.019780847,-0.003606263,0.054588166
PRAS40_pT246-R-V,PRAS40_pT246.R.V_GBL9018352,0.172313955,0.024610172,0.002108116,-0.011224951,0.063364866,0.074107467,0.130015172,0.115888922,0.082977925,-0.025871968,0.122241752,-0.043025319,-0.049743443,0.033047327,0.18667728,0.011617499
PTCH-R-C,PTCH.R.C_GBL9018234,1.230988883,1.162638742,1.189269568,1.223435635,1.265768545,1.206777327,1.278494928,1.289580041,1.159573918,1.110901834,1.409474499,1.285878488,1.342878942,1.157785049,1.351352213,1.161168751
PTEN-R-V,PTEN.R.V_GBL9019736,-0.248264386,-0.210844185,-0.218845074,-0.074713031,-0.189395324,-0.187543732,-0.110207251,-0.097774596,-0.083090778,-0.001439623,-0.0613746,-0.068028556,-0.195988093,-0.092731132,0.001439623,-0.052119797
Rab11-R-V,Rab11.R.V_GBL9019691,-0.347367544,-0.544743026,-0.529854007,-0.599700077,-0.489129853,-0.403137599,-0.404010212,-0.438849417,-0.309569375,-0.319579524,-0.539449676,-0.373011365,-0.450559733,-0.515925817,-0.541192006,-0.451686699
Rad50-M-C,Rad50.M.C_GBL9019746,0.104474872,-0.187459375,0.116809001,-0.019999824,0.139009892,-0.003567389,0.222302429,0.003567389,-0.074813649,-0.025686038,-0.077311199,0.059842944,0.073181504,-0.016439911,0.046828944,-0.036418743
Rad51-M-C,Rad51.M.C_GBL9020049,-0.645300811,-0.651580246,-0.646508147,-0.677032722,-0.653902513,-0.80363384,-0.718719919,-0.750448241,-0.397343025,-0.45542369,-0.526496944,-0.618232434,-0.568436111,-0.449446231,-0.583625984,-0.492064679
Rb_pS807_S811-R-V,Rb_pS807_S811.R.V_GBL9018185,0.03947349,0.037538791,0.131916038,0.017329914,-0.025194302,0.070122225,-0.029864791,0.044870929,0.035288771,0.02522584,-0.03471732,-0.017329914,-0.065065329,-0.121339038,-0.051593982,-0.064076406
Rb-M-V,Rb.M.V_GBL9019744,-0.010369058,-0.035385122,0.017541489,0.007635252,-0.05522237,-0.13762192,-0.068792973,-0.130581847,0.173371225,0.12449702,0.031765096,0.011259611,-0.021471387,-0.04145213,0.009396299,-0.007635252
S6_pS235_S236-R-V,S6_pS235_S236.R.V_GBL9018188,0.103519301,0.210471432,0.276878138,0.154105744,0.33193089,0.374490807,0.376290096,0.351378789,0.2968183,0.12110562,0.283715499,0.03457537,0.06818885,0.064034837,0.281420579,0.082635654
S6_pS240_S244-R-V,S6_pS240_S244.R.V_GBL9019717,0.109984301,0.029326785,0.133164238,0.097693943,0.207090878,0.404389501,0.466067027,0.320962781,0.006022384,-0.110075282,0.014570084,-0.149457188,-0.002468557,0.055579304,0.222399216,0.166105338
Smac-M-V,Smac.M.V_GBL9018255,0.520959085,0.172991923,0.331615473,0.159284097,0.620959936,0.511359364,0.691557138,0.672183203,-0.036604317,0.006998579,0.110502189,0.501939302,0.675519829,0.319238496,0.606101826,0.620690361
Smad1-R-V,Smad1.R.V_GBL9020039,-0.096999188,0.149706732,-0.025243319,0.067487352,-0.036081794,-0.138267849,-0.172760351,0.004802483,0.260024628,0.34972589,-0.014793754,0.117494615,-0.045444721,0.028559078,-0.004802483,0.08544595
Smad4-M-V,Smad4.M.V_GBL9019728,-0.204791155,-0.084667713,-0.207071067,-0.135424164,-0.302214176,-0.244706171,-0.249664789,-0.216303723,-0.018404317,0.024259152,-0.296731733,-0.145022872,-0.208945289,-0.226514995,-0.195622582,-0.636748284
Snail-M-C,Snail.M.C_GBL9019745,-0.145368856,-0.117729617,-0.168918786,-0.049360294,-0.20650298,-0.20235379,-0.165396392,-0.247982921,-0.0589563,-0.022968909,-0.035622151,-0.130490399,-0.17520078,-0.101462886,-0.203759569,-0.20924916
SPARC-M-Cg,SPARC.M.Cg_GBL9018338,0.077935831,0.094369832,0.021849965,-0.046295532,0.053830443,0.090293479,0.201761698,0.144665384,0.103470068,0.033648708,0.07618561,0.037360952,-0.043522852,-0.021849965,-0.04934417,-0.080052585
Src_pY416-R-C,Src_pY416.R.C_GBL9019716,-0.267293457,-0.252341343,-0.301537065,-0.250748319,-0.292172713,-0.312468445,-0.394319608,-0.355514837,0.00241678,-0.00241678,-0.085970419,-0.133999509,-0.304428189,-0.260268122,-0.245975646,-0.195874203
Src_pY527-R-V,Src_pY527.R.V_GBL9018191,0.125812734,0.075242762,0.211375229,0.011840476,-0.03156423,0.065731744,-0.060805901,-0.039548507,0.108342686,-0.040893818,0.06862922,0.027606651,0.076041688,-0.043159688,-0.073137888,-0.189857968
Src-M-V,Src.M.V_GBL9018257,0.017232343,0.062021641,0.193143452,0.206698999,-0.2196711,-0.017232343,-0.036588343,-0.068050729,0.295345599,0.224502737,0.056624026,-0.061716334,0.044189117,-0.078251705,-0.02332209,-0.14527197
STAT3_pY705-R-V,STAT3_pY705.R.V_GBL9019712,-0.589173347,-0.580060241,-0.64185769,-0.514915025,-0.186721832,-0.153119075,-0.283876441,-0.191548944,-0.451788453,-0.440378412,-0.535094801,-0.519887055,-0.238308538,-0.203453184,-0.21538585,-0.142943476
STAT5-alpha-R-V,STAT5.alpha.R.V_GBL9018193,-1.572951784,-1.511201442,-1.585289743,-1.511137308,-1.516028576,-1.49675838,-1.546260538,-1.502553544,-1.710804595,-1.526189884,-1.569081318,-1.569974632,-1.573691184,-1.512867818,-1.481135722,-1.520389185
Stathmin-R-V,Stathmin.R.V_GBL9018199,-0.135832296,-0.003754726,-0.014273003,0.111067225,0.035067313,0.023748842,-0.086786728,0.009369074,-0.035444582,0.069644836,0.013261389,0.059816982,-0.021870811,0.003754726,-0.019396935,-0.032923394
Syk-M-V,Syk.M.V_GBL9018267,0.226289732,0.230137713,0.16287072,0.191968494,0.166344532,0.179071542,0.104897808,0.140437503,0.191111599,0.220486806,0.11214238,0.10421693,0.15942163,0.272781323,0.206277902,0.198489102
Tau-M-C,Tau.M.C_GBL9020042,0.014553017,0.075150002,-0.144523147,-0.035512475,-0.064404635,-0.089666612,-0.091481546,-0.049635472,-0.005346117,0.128490088,-0.014561297,-0.112449911,-0.200549096,-0.035692423,-0.058192372,0.040631929
TAZ_pS89-R-C,TAZ_pS89.R.C_GBL9019742,-0.032384915,-0.09310898,-0.038972824,-0.048829199,-0.062620712,-0.125401508,-0.162606386,-0.101093073,0.09906722,0.062740382,-0.001193056,-0.133207314,0.017023128,0.015693704,-0.020833262,-0.00422563
Tuberin-R-C,Tuberin.R.C_GBL9018194,1.302342436,1.344415209,1.369180228,1.308804724,1.31088877,1.430151451,1.332135721,1.34434799,1.419737233,1.385931918,1.316832345,1.30186268,1.344250654,1.259128548,1.280450518,1.266780036
VASP-R-C,VASP.R.C_GBL9018315,0.332839041,0.349227004,0.342840175,0.33855839,0.30466336,0.386493167,0.354512152,0.316799518,0.367945991,0.196557444,0.381121318,0.296717816,0.395398606,0.381031667,0.441101767,0.373988585
VEGF-R-Cg,VEGF.R.Cg_GBL9018329,0.88488325,0.249740861,0.771738696,0.193217114,1.049931682,0.859971691,0.984621414,0.792422564,-0.569199272,-0.394886841,-0.010391922,0.413615164,0.766166671,0.253239481,0.286539976,0.341182539
VEGFR2-R-V,VEGFR2.R.V_GBL9018195,0.196887633,0.231474758,0.325243517,0.134385175,0.404550588,0.283426244,0.338629204,0.166087899,0.156650304,-0.003541572,0.296950645,0.083754275,0.179120058,-0.010358646,0.136360892,-0.144299151
14-3-3_epsilon-M-C,X14.3.3_epsilon.M.C_GBL9019750,-0.339379165,-0.028034136,-0.096529301,-0.071342371,-0.014927953,-0.144257188,-0.171039649,-0.186611712,-0.032999781,-0.475438737,-0.111064331,-0.023356768,-0.092358625,-0.012736641,-0.067158034,-0.468502242
4E-BP1_pS65-R-V,X4E.BP1_pS65.R.V_GBL9018121,0.898546089,0.835733176,0.836263818,0.759849386,0.83734175,0.78297703,0.793890616,0.747901237,0.368332919,0.375402232,0.644682072,0.647972864,0.735219927,0.650897955,0.691467678,0.773660716
4E-BP1-R-V,X4E.BP1.R.V_GBL9020031,-0.0043975,0.228880916,0.068084368,0.099334796,0.060424807,0.253274608,0.175510701,0.229828009,0.286040728,0.26410545,0.145997809,0.06386477,-0.005691045,0.123882943,0.0043975,0.117880162
53BP1-R-C,X53BP1.R.C_GBL9018231,0.000925472,0.112221028,0.015817689,0.076135276,-0.047544273,0.032931025,0.034749832,0.115725078,-0.094925762,-0.110034232,0.073949628,0.043010756,-0.044033794,-0.011961598,0.099970488,0.159903911
XIAP-R-C,XIAP.R.C_GBL9018197,0.383668458,0.393184532,0.379316632,0.423094773,0.298239757,0.400438274,0.406039282,0.404669545,0.423435444,0.303113345,0.41365954,0.395885701,0.392219269,0.341997903,0.411022834,0.420966829
XRCC1-R-C,XRCC1.R.C_GBL9020048,-0.384081975,-0.508060577,-0.423104717,-0.391867899,-0.4323642,-0.530039084,-0.479308284,-0.467457537,-0.292790404,-0.297491226,-0.372374696,-0.371085873,-0.494915974,-0.35431406,-0.434901909,-0.296560099
YAP_pS127-R-C,YAP_pS127.R.C_GBL9018211,1.099660492,1.047222098,0.978160644,1.102221179,0.85233952,0.852632787,0.894567452,0.852206421,1.124178007,0.86129923,1.085814185,0.898593541,0.947025817,0.958423038,1.046286476,0.886764226
YAP-R-V,YAP.R.V_GBL9019695,1.405862739,1.263819343,1.144001219,1.155984362,1.273012687,1.174366168,1.246958642,1.291197324,1.652195698,1.307111273,1.466266893,1.293310015,1.408394946,1.419845352,1.590948322,1.598749453
YB-1_pS102-R-V,YB.1_pS102.R.V_GBL9018217,-0.151472723,-0.118692935,-0.109425848,-0.031820901,0.241711285,0.285609596,0.276079045,0.400714913,-0.105598902,-0.08321243,-0.004211258,0.004211258,-0.02288547,0.048859745,0.145698633,0.118817093
YB-1-R-V,YB.1.R.V_GBL9020046,0.74843692,0.985702236,0.647045968,0.695059851,0.738267485,0.54208102,1.418077727,0.546121239,0.838714582,0.779604234,0.828013411,0.745003838,0.631068194,0.366246303,0.692274445,0.257845783